{
  "CreateBokking" : {
    "transaction" : "CreateBokking",
    "sampleCount" : 100,
    "errorCount" : 0,
    "errorPct" : 0.0,
    "meanResTime" : 1313.8799999999999,
    "medianResTime" : 1256.5,
    "minResTime" : 1194.0,
    "maxResTime" : 2260.0,
    "pct1ResTime" : 1508.7000000000005,
    "pct2ResTime" : 1927.999999999999,
    "pct3ResTime" : 2257.2099999999987,
    "throughput" : 9.191176470588236,
    "receivedKBytesPerSec" : 4.172650505514706,
    "sentKBytesPerSec" : 3.904454848345588
  },
  "UpdateInfoGet" : {
    "transaction" : "UpdateInfoGet",
    "sampleCount" : 100,
    "errorCount" : 0,
    "errorPct" : 0.0,
    "meanResTime" : 311.25000000000006,
    "medianResTime" : 311.0,
    "minResTime" : 296.0,
    "maxResTime" : 333.0,
    "pct1ResTime" : 319.0,
    "pct2ResTime" : 324.95,
    "pct3ResTime" : 332.93999999999994,
    "throughput" : 10.97213078779899,
    "receivedKBytesPerSec" : 4.942066292242703,
    "sentKBytesPerSec" : 2.3317920918367343
  },
  "Total" : {
    "transaction" : "Total",
    "sampleCount" : 600,
    "errorCount" : 0,
    "errorPct" : 0.0,
    "meanResTime" : 529.8166666666668,
    "medianResTime" : 315.0,
    "minResTime" : 295.0,
    "maxResTime" : 2260.0,
    "pct1ResTime" : 1251.0,
    "pct2ResTime" : 1270.9499999999998,
    "pct3ResTime" : 1850.880000000001,
    "throughput" : 47.17351993081217,
    "receivedKBytesPerSec" : 18.671699942015884,
    "sentKBytesPerSec" : 14.085103978300182
  },
  "TokenGen" : {
    "transaction" : "TokenGen",
    "sampleCount" : 100,
    "errorCount" : 0,
    "errorPct" : 0.0,
    "meanResTime" : 311.25,
    "medianResTime" : 312.0,
    "minResTime" : 295.0,
    "maxResTime" : 332.0,
    "pct1ResTime" : 320.0,
    "pct2ResTime" : 321.0,
    "pct3ResTime" : 331.90999999999997,
    "throughput" : 10.969723562966212,
    "receivedKBytesPerSec" : 3.3987931590061433,
    "sentKBytesPerSec" : 3.0316716487494517
  },
  "DeleteBooking" : {
    "transaction" : "DeleteBooking",
    "sampleCount" : 100,
    "errorCount" : 0,
    "errorPct" : 0.0,
    "meanResTime" : 310.54,
    "medianResTime" : 310.0,
    "minResTime" : 297.0,
    "maxResTime" : 332.0,
    "pct1ResTime" : 319.0,
    "pct2ResTime" : 320.95,
    "pct3ResTime" : 331.91999999999996,
    "throughput" : 10.97333479644464,
    "receivedKBytesPerSec" : 3.287928302973774,
    "sentKBytesPerSec" : 2.567803206957094
  },
  "CreateAccountInformantionGet" : {
    "transaction" : "CreateAccountInformantionGet",
    "sampleCount" : 100,
    "errorCount" : 0,
    "errorPct" : 0.0,
    "meanResTime" : 311.4000000000002,
    "medianResTime" : 311.0,
    "minResTime" : 296.0,
    "maxResTime" : 333.0,
    "pct1ResTime" : 322.0,
    "pct2ResTime" : 323.0,
    "pct3ResTime" : 332.99,
    "throughput" : 10.964912280701753,
    "receivedKBytesPerSec" : 4.637922320449562,
    "sentKBytesPerSec" : 2.2874263294956143
  },
  "UpdateInfo" : {
    "transaction" : "UpdateInfo",
    "sampleCount" : 100,
    "errorCount" : 0,
    "errorPct" : 0.0,
    "meanResTime" : 620.5799999999999,
    "medianResTime" : 621.5,
    "minResTime" : 591.0,
    "maxResTime" : 667.0,
    "pct1ResTime" : 635.0,
    "pct2ResTime" : 638.9,
    "pct3ResTime" : 666.8499999999999,
    "throughput" : 10.5999576001696,
    "receivedKBytesPerSec" : 4.6428642410430365,
    "sentKBytesPerSec" : 4.612844829870681
  }
}